2025-12-13_22-26-49,---,draft.py:2025-12-13_22-26-49
2025-12-13_22-39-59,0,draft.py:2025-12-13_22-26-49
2025-12-13_22-46-04,0,draft.py:2025-12-13_22-26-49
2025-12-13_22-46-35,---,draft.py:2025-12-13_22-26-49
2025-12-13_22-50-39,20,draft.py:2025-12-13_22-50-39
2025-12-13_23-02-09,20,draft.py:2025-12-13_22-50-39
2025-12-13_23-02-12,20,draft.py:2025-12-13_23-02-12
2025-12-13_23-02-40,20,draft.py:2025-12-13_23-02-40
2025-12-13_23-03-08,60,draft.py:2025-12-13_23-03-08
2025-12-13_23-03-26,80,draft.py:2025-12-13_23-03-26
2025-12-13_23-03-58,100,draft.py:2025-12-13_23-03-58
