2025-12-14_00-11-50,---,draft.py:2025-12-14_00-11-50
2025-12-14_00-20-12,0,draft.py:2025-12-14_00-20-12
2025-12-14_00-33-35,0,draft.py:2025-12-14_00-33-35
2025-12-14_00-34-30,0,draft.py:2025-12-14_00-34-30
2025-12-14_00-37-13,0,draft.py:2025-12-14_00-37-13
2025-12-14_00-37-29,0,draft.py:2025-12-14_00-37-29
2025-12-14_00-37-51,0,draft.py:2025-12-14_00-37-51
2025-12-14_00-38-09,0,draft.py:2025-12-14_00-38-09
2025-12-14_00-39-44,0,draft.py:2025-12-14_00-39-44
2025-12-14_00-39-55,100,draft.py:2025-12-14_00-39-55
